customer_id,city,state,is_active,total_orders,unique_products,total_spent,average_item_value,last_order_date,first_order_date
1,Philadelphia,PA,True,3,6,131.50,21.9166666666666667,2024-06-14,2024-03-02
2,Pittsburgh,PA,True,1,2,38.00,19.0000000000000000,2024-05-01,2024-05-01
3,Allentown,PA,True,2,4,114.00,28.5000000000000000,2024-05-27,2024-01-25
4,San Francisco,CA,True,2,4,76.50,19.1250000000000000,2024-06-10,2024-02-11
5,Columbus,OH,False,0,0,0,0,NULL,NULL
6,Portland,OR,True,2,4,100.00,25.0000000000000000,2024-06-02,2024-03-15
7,Miami,FL,True,2,4,75.00,18.7500000000000000,2024-04-07,2024-02-19
8,Philadelphia,PA,False,0,0,0,0,NULL,NULL
9,Cleveland,OH,True,1,1,22.00,22.0000000000000000,2024-04-03,2024-04-03
10,Oakland,CA,True,2,5,132.00,26.4000000000000000,2024-04-22,2024-01-30
11,Seattle,WA,True,1,2,57.00,28.5000000000000000,2024-06-01,2024-06-01
12,Austin,TX,True,1,2,39.00,19.5000000000000000,2024-03-21,2024-03-21
13,Pittsburgh,PA,True,2,4,95.50,23.8750000000000000,2024-05-20,2024-04-18
14,Eugene,OR,False,0,0,0,0,NULL,NULL
15,Orlando,FL,True,1,2,54.50,27.2500000000000000,2024-02-28,2024-02-28
16,Sacramento,CA,True,1,2,82.00,41.0000000000000000,2024-06-05,2024-06-05
17,Columbus,OH,True,1,2,21.50,10.7500000000000000,2024-01-15,2024-01-15
18,Allentown,PA,True,1,2,42.00,21.0000000000000000,2024-03-30,2024-03-30
19,Tacoma,WA,False,0,0,0,0,NULL,NULL
20,Austin,TX,True,1,2,48.50,24.2500000000000000,2024-05-12,2024-05-12
